{
    "file_name": "b(2).jpg",
    "predicted_class": "blackspot",
    "confidence": 0.9001532196998596,
    "probabilities": {
        "blackspot": 0.9001532196998596,
        "canker": 0.09871093928813934,
        "fresh": 0.00025594449834898114,
        "grenning": 0.0008799491333775222
    }
}