{
    "file_name": "b(10).jpg",
    "predicted_class": "blackspot",
    "confidence": 0.9124490022659302,
    "probabilities": {
        "blackspot": 0.9124490022659302,
        "canker": 0.08641806244850159,
        "fresh": 0.0009653041488490999,
        "grenning": 0.0001675704406807199
    }
}